{
    "results": {
        "tool": {
            "name": "pytest",
            "version": "8.4.1"
        },
        "summary": {
            "tests": 2,
            "passed": 2,
            "failed": 0,
            "skipped": 0,
            "pending": 0,
            "other": 0,
            "start": 1770651243.9912524,
            "stop": 1770651245.3784215
        },
        "tests": [
            {
                "name": "test_outputs.py::test_modernized_code_runs",
                "status": "passed",
                "duration": 1.3686760189993947,
                "start": 1770651244.0087063,
                "stop": 1770651245.3776731,
                "retries": 0,
                "file_path": "test_outputs.py"
            },
            {
                "name": "test_outputs.py::test_dependency_file_exists",
                "status": "passed",
                "duration": 0.00028748599834216293,
                "start": 1770651245.3778899,
                "stop": 1770651245.378277,
                "retries": 0,
                "file_path": "test_outputs.py"
            }
        ]
    }
}