{
    "results": {
        "tool": {
            "name": "pytest",
            "version": "8.4.1"
        },
        "summary": {
            "tests": 2,
            "passed": 2,
            "failed": 0,
            "skipped": 0,
            "pending": 0,
            "other": 0,
            "start": 1770651154.1525557,
            "stop": 1770651154.2104173
        },
        "tests": [
            {
                "name": "test_outputs.py::test_summary_file_exists",
                "status": "passed",
                "duration": 0.00033790200177463703,
                "start": 1770651154.2092807,
                "stop": 1770651154.2097907,
                "retries": 0,
                "file_path": "test_outputs.py"
            },
            {
                "name": "test_outputs.py::test_summary_structure_and_counts",
                "status": "passed",
                "duration": 0.0002719309977692319,
                "start": 1770651154.2099338,
                "stop": 1770651154.2103033,
                "retries": 0,
                "file_path": "test_outputs.py"
            }
        ]
    }
}