{
    "results": {
        "tool": {
            "name": "pytest",
            "version": "8.4.1"
        },
        "summary": {
            "tests": 1,
            "passed": 1,
            "failed": 0,
            "skipped": 0,
            "pending": 0,
            "other": 0,
            "start": 1770651516.0718627,
            "stop": 1770651516.1265535
        },
        "tests": [
            {
                "name": "test_outputs.py::test_move_correct",
                "status": "passed",
                "duration": 0.00048644000162312295,
                "start": 1770651516.1256819,
                "stop": 1770651516.12638,
                "retries": 0,
                "file_path": "test_outputs.py"
            }
        ]
    }
}