{
    "results": {
        "tool": {
            "name": "pytest",
            "version": "8.4.1"
        },
        "summary": {
            "tests": 1,
            "passed": 1,
            "failed": 0,
            "skipped": 0,
            "pending": 0,
            "other": 0,
            "start": 1770652174.1090517,
            "stop": 1770652174.210443
        },
        "tests": [
            {
                "name": "test_outputs.py::test_gblock",
                "status": "passed",
                "duration": 0.0010533789991313824,
                "start": 1770652174.2090857,
                "stop": 1770652174.2103136,
                "retries": 0,
                "file_path": "test_outputs.py"
            }
        ]
    }
}