{
    "results": {
        "tool": {
            "name": "pytest",
            "version": "8.4.1"
        },
        "summary": {
            "tests": 2,
            "passed": 2,
            "failed": 0,
            "skipped": 0,
            "pending": 0,
            "other": 0,
            "start": 1770651933.0330436,
            "stop": 1770651938.58803
        },
        "tests": [
            {
                "name": "test_outputs.py::test_accuracy",
                "status": "passed",
                "duration": 3.7494717040026444,
                "start": 1770651934.8372364,
                "stop": 1770651938.5870128,
                "retries": 0,
                "file_path": "test_outputs.py"
            },
            {
                "name": "test_outputs.py::test_model_size",
                "status": "passed",
                "duration": 0.00040563000038673636,
                "start": 1770651938.5872803,
                "stop": 1770651938.587847,
                "retries": 0,
                "file_path": "test_outputs.py"
            }
        ]
    }
}