{
    "results": {
        "tool": {
            "name": "pytest",
            "version": "8.4.1"
        },
        "summary": {
            "tests": 2,
            "passed": 2,
            "failed": 0,
            "skipped": 0,
            "pending": 0,
            "other": 0,
            "start": 1770651190.0317988,
            "stop": 1770651190.0853221
        },
        "tests": [
            {
                "name": "test_outputs.py::test_recovery_file_exists",
                "status": "passed",
                "duration": 0.0004856369996559806,
                "start": 1770651190.0834987,
                "stop": 1770651190.084208,
                "retries": 0,
                "file_path": "test_outputs.py"
            },
            {
                "name": "test_outputs.py::test_password_match",
                "status": "passed",
                "duration": 0.0005949209989921656,
                "start": 1770651190.0844193,
                "stop": 1770651190.085154,
                "retries": 0,
                "file_path": "test_outputs.py"
            }
        ]
    }
}