{
    "results": {
        "tool": {
            "name": "pytest",
            "version": "8.4.1"
        },
        "summary": {
            "tests": 2,
            "passed": 2,
            "failed": 0,
            "skipped": 0,
            "pending": 0,
            "other": 0,
            "start": 1770652290.9076161,
            "stop": 1770652477.1870549
        },
        "tests": [
            {
                "name": "test_outputs.py::test_filter_blocks_xss",
                "status": "passed",
                "duration": 184.61303734399917,
                "start": 1770652291.3240259,
                "stop": 1770652475.9386768,
                "retries": 0,
                "file_path": "test_outputs.py"
            },
            {
                "name": "test_outputs.py::test_clean_html_unchanged",
                "status": "passed",
                "duration": 1.2468738229999872,
                "start": 1770652475.9395618,
                "stop": 1770652477.1866481,
                "retries": 0,
                "file_path": "test_outputs.py"
            }
        ]
    }
}