{
    "results": {
        "tool": {
            "name": "pytest",
            "version": "8.4.1"
        },
        "summary": {
            "tests": 2,
            "passed": 2,
            "failed": 0,
            "skipped": 0,
            "pending": 0,
            "other": 0,
            "start": 1770651496.874202,
            "stop": 1770651496.9200892
        },
        "tests": [
            {
                "name": "test_outputs.py::test_solution_file",
                "status": "passed",
                "duration": 0.0003032159984286409,
                "start": 1770651496.919122,
                "stop": 1770651496.9195783,
                "retries": 0,
                "file_path": "test_outputs.py"
            },
            {
                "name": "test_outputs.py::test_solution_content",
                "status": "passed",
                "duration": 0.0002221550003014272,
                "start": 1770651496.9196968,
                "stop": 1770651496.9199965,
                "retries": 0,
                "file_path": "test_outputs.py"
            }
        ]
    }
}