{
    "results": {
        "tool": {
            "name": "pytest",
            "version": "8.4.1"
        },
        "summary": {
            "tests": 2,
            "passed": 2,
            "failed": 0,
            "skipped": 0,
            "pending": 0,
            "other": 0,
            "start": 1770651674.3029861,
            "stop": 1770651674.444502
        },
        "tests": [
            {
                "name": "test_outputs.py::test_about_file",
                "status": "passed",
                "duration": 0.0004149369979131734,
                "start": 1770651674.443159,
                "stop": 1770651674.4437792,
                "retries": 0,
                "file_path": "test_outputs.py"
            },
            {
                "name": "test_outputs.py::test_layout_file",
                "status": "passed",
                "duration": 0.000300556001093355,
                "start": 1770651674.443963,
                "stop": 1770651674.4443653,
                "retries": 0,
                "file_path": "test_outputs.py"
            }
        ]
    }
}