{
    "results": {
        "tool": {
            "name": "pytest",
            "version": "8.4.1"
        },
        "summary": {
            "tests": 2,
            "passed": 2,
            "failed": 0,
            "skipped": 0,
            "pending": 0,
            "other": 0,
            "start": 1770651575.9844434,
            "stop": 1770651576.0581264
        },
        "tests": [
            {
                "name": "test_outputs.py::test_result_exists",
                "status": "passed",
                "duration": 0.0004917339992971392,
                "start": 1770651576.0564075,
                "stop": 1770651576.0571332,
                "retries": 0,
                "file_path": "test_outputs.py"
            },
            {
                "name": "test_outputs.py::test_data_matches",
                "status": "passed",
                "duration": 0.00044381799852999393,
                "start": 1770651576.0573337,
                "stop": 1770651576.0579157,
                "retries": 0,
                "file_path": "test_outputs.py"
            }
        ]
    }
}