{
    "results": {
        "tool": {
            "name": "pytest",
            "version": "8.4.1"
        },
        "summary": {
            "tests": 2,
            "passed": 2,
            "failed": 0,
            "skipped": 0,
            "pending": 0,
            "other": 0,
            "start": 1770651958.7343097,
            "stop": 1770651958.7955756
        },
        "tests": [
            {
                "name": "test_outputs.py::test_hello_file_exists",
                "status": "passed",
                "duration": 0.00038809000034234487,
                "start": 1770651958.7941506,
                "stop": 1770651958.794748,
                "retries": 0,
                "file_path": "test_outputs.py"
            },
            {
                "name": "test_outputs.py::test_hello_file_content",
                "status": "passed",
                "duration": 0.0003709149987116689,
                "start": 1770651958.7949247,
                "stop": 1770651958.7954195,
                "retries": 0,
                "file_path": "test_outputs.py"
            }
        ]
    }
}