{
    "results": {
        "tool": {
            "name": "pytest",
            "version": "8.4.1"
        },
        "summary": {
            "tests": 2,
            "passed": 2,
            "failed": 0,
            "skipped": 0,
            "pending": 0,
            "other": 0,
            "start": 1770652209.5658965,
            "stop": 1770652209.6261282
        },
        "tests": [
            {
                "name": "test_outputs.py::test_output_file_exists",
                "status": "passed",
                "duration": 0.000444234998212778,
                "start": 1770652209.6245267,
                "stop": 1770652209.6251864,
                "retries": 0,
                "file_path": "test_outputs.py"
            },
            {
                "name": "test_outputs.py::test_output_is_correct",
                "status": "passed",
                "duration": 0.0004930080012854887,
                "start": 1770652209.6253624,
                "stop": 1770652209.6259854,
                "retries": 0,
                "file_path": "test_outputs.py"
            }
        ]
    }
}