{
    "results": {
        "tool": {
            "name": "pytest",
            "version": "8.4.1"
        },
        "summary": {
            "tests": 2,
            "passed": 2,
            "failed": 0,
            "skipped": 0,
            "pending": 0,
            "other": 0,
            "start": 1770652222.344059,
            "stop": 1770652222.4143913
        },
        "tests": [
            {
                "name": "test_outputs.py::test_result_exists",
                "status": "passed",
                "duration": 0.0006137429991213139,
                "start": 1770652222.4126117,
                "stop": 1770652222.4134915,
                "retries": 0,
                "file_path": "test_outputs.py"
            },
            {
                "name": "test_outputs.py::test_data_matches",
                "status": "passed",
                "duration": 0.00039283300247916486,
                "start": 1770652222.413705,
                "stop": 1770652222.4142265,
                "retries": 0,
                "file_path": "test_outputs.py"
            }
        ]
    }
}