{
    "results": {
        "tool": {
            "name": "pytest",
            "version": "8.4.1"
        },
        "summary": {
            "tests": 1,
            "passed": 1,
            "failed": 0,
            "skipped": 0,
            "pending": 0,
            "other": 0,
            "start": 1770652806.9420326,
            "stop": 1770652806.9884336
        },
        "tests": [
            {
                "name": "test_outputs.py::test_tests_output",
                "status": "passed",
                "duration": 0.00030772699938097503,
                "start": 1770652806.9878726,
                "stop": 1770652806.9883163,
                "retries": 0,
                "file_path": "test_outputs.py"
            }
        ]
    }
}