{
    "results": {
        "tool": {
            "name": "pytest",
            "version": "8.4.1"
        },
        "summary": {
            "tests": 1,
            "passed": 1,
            "failed": 0,
            "skipped": 0,
            "pending": 0,
            "other": 0,
            "start": 1770651298.2793267,
            "stop": 1770651298.2936738
        },
        "tests": [
            {
                "name": "test_outputs.py::test_attack",
                "status": "passed",
                "duration": 0.0004397039974719519,
                "start": 1770651298.2928767,
                "stop": 1770651298.2935882,
                "retries": 0,
                "file_path": "test_outputs.py"
            }
        ]
    }
}