{
    "results": {
        "tool": {
            "name": "pytest",
            "version": "8.4.1"
        },
        "summary": {
            "tests": 1,
            "passed": 1,
            "failed": 0,
            "skipped": 0,
            "pending": 0,
            "other": 0,
            "start": 1770652802.2150948,
            "stop": 1770652802.2645967
        },
        "tests": [
            {
                "name": "test_outputs.py::test_primers",
                "status": "passed",
                "duration": 0.00217419799810159,
                "start": 1770652802.2620392,
                "stop": 1770652802.2644572,
                "retries": 0,
                "file_path": "test_outputs.py"
            }
        ]
    }
}